{"cameraMode":{"drawMode":0,"name":"Shaded","section":"Shading Mode"},"sceneLighting":true,"audioPlay":false,"sceneViewState":{"showFog":true,"showMaterialUpdate":false,"showSkybox":true,"showFlares":true,"showImageEffects":true,"showParticleSystems":true},"in2DMode":false,"pivot":{"x":-24.864606857299806,"y":0.08598589897155762,"z":68.8633041381836},"rotation":{"x":-0.013547349721193314,"y":0.19286322593688966,"z":-0.0026722075417637827,"w":-0.9811530113220215},"size":39.360816955566409,"orthographic":false}