{"cameraMode":{"drawMode":0,"name":"Shaded","section":"Shading Mode"},"sceneLighting":true,"audioPlay":false,"sceneViewState":{"showFog":true,"showMaterialUpdate":false,"showSkybox":true,"showFlares":true,"showImageEffects":true,"showParticleSystems":true},"in2DMode":false,"pivot":{"x":1.54437255859375,"y":2.35693359375,"z":-1.17822265625},"rotation":{"x":0.3257119357585907,"y":0.10465425997972489,"z":-0.0363035686314106,"w":0.9389584064483643},"size":2.379025936126709,"orthographic":true}