{"cameraMode":{"drawMode":0,"name":"Shaded","section":"Shading Mode"},"sceneLighting":true,"audioPlay":false,"sceneViewState":{"showFog":true,"showMaterialUpdate":true,"showSkybox":true,"showFlares":true,"showImageEffects":true,"showParticleSystems":true},"in2DMode":false,"pivot":{"x":5.964568138122559,"y":4.504016876220703,"z":1.4211702346801758},"rotation":{"x":0.14077724516391755,"y":0.1305738091468811,"z":-0.018733864650130273,"w":0.9812150597572327},"size":9.823012351989746,"orthographic":false}